Period End,Total,Quantity,Item ID,Item Name,cost_per_unit,series_label
2024-01-31,152.88,3,9422965,Cereal Granola Oat & Honey,50.96,Cereal Granola Oat & Honey
2024-02-29,1477.84,29,9422965,Cereal Granola Oat & Honey,50.959999999999994,Cereal Granola Oat & Honey
2024-03-31,1579.76,31,9422965,Cereal Granola Oat & Honey,50.96,Cereal Granola Oat & Honey
2024-04-30,1681.68,33,9422965,Cereal Granola Oat & Honey,50.96,Cereal Granola Oat & Honey
2024-05-31,305.76,6,9422965,Cereal Granola Oat & Honey,50.96,Cereal Granola Oat & Honey
2024-06-30,305.76,6,9422965,Cereal Granola Oat & Honey,50.96,Cereal Granola Oat & Honey
2024-07-31,306.46,6,9422965,Cereal Granola Oat & Honey,51.07666666666666,Cereal Granola Oat & Honey
2024-08-31,919.8,18,9422965,Cereal Granola Oat & Honey,51.099999999999994,Cereal Granola Oat & Honey
2024-09-30,1635.2,32,9422965,Cereal Granola Oat & Honey,51.1,Cereal Granola Oat & Honey
2024-10-31,2248.4,44,9422965,Cereal Granola Oat & Honey,51.1,Cereal Granola Oat & Honey
2024-11-30,1890.7,37,9422965,Cereal Granola Oat & Honey,51.1,Cereal Granola Oat & Honey
2024-12-31,970.9,19,9422965,Cereal Granola Oat & Honey,51.1,Cereal Granola Oat & Honey
2025-01-31,511,10,9422965,Cereal Granola Oat & Honey,51.1,Cereal Granola Oat & Honey
2025-02-28,1788.5,35,9422965,Cereal Granola Oat & Honey,51.1,Cereal Granola Oat & Honey
2025-03-31,1839.6,36,9422965,Cereal Granola Oat & Honey,51.099999999999994,Cereal Granola Oat & Honey
2025-04-30,2197.3,43,9422965,Cereal Granola Oat & Honey,51.1,Cereal Granola Oat & Honey
2025-05-31,1226.4,24,9422965,Cereal Granola Oat & Honey,51.1,Cereal Granola Oat & Honey
2025-06-30,459.9,9,9422965,Cereal Granola Oat & Honey,51.099999999999994,Cereal Granola Oat & Honey
2025-07-31,204.4,4,9422965,Cereal Granola Oat & Honey,51.1,Cereal Granola Oat & Honey
2025-08-31,919.8,18,9422965,Cereal Granola Oat & Honey,51.099999999999994,Cereal Granola Oat & Honey
2025-09-30,2299.5,45,9422965,Cereal Granola Oat & Honey,51.1,Cereal Granola Oat & Honey
2025-10-31,2452.8,48,9422965,Cereal Granola Oat & Honey,51.1,Cereal Granola Oat & Honey
2024-01-31,588.88,17,7832888,Chip Potato Kettle 16 oz SS,34.64,Chip Potato Kettle 16 oz SS
2024-02-29,2736.56,79,7832888,Chip Potato Kettle 16 oz SS,34.64,Chip Potato Kettle 16 oz SS
2024-03-31,2494.08,72,7832888,Chip Potato Kettle 16 oz SS,34.64,Chip Potato Kettle 16 oz SS
2024-04-30,2736.56,79,7832888,Chip Potato Kettle 16 oz SS,34.64,Chip Potato Kettle 16 oz SS
2024-05-31,277.12,8,7832888,Chip Potato Kettle 16 oz SS,34.64,Chip Potato Kettle 16 oz SS
2024-06-30,277.12,8,7832888,Chip Potato Kettle 16 oz SS,34.64,Chip Potato Kettle 16 oz SS
2024-07-31,350.1,10,7832888,Chip Potato Kettle 16 oz SS,35.010000000000005,Chip Potato Kettle 16 oz SS
2024-08-31,805.23,23,7832888,Chip Potato Kettle 16 oz SS,35.01,Chip Potato Kettle 16 oz SS
2024-09-30,3676.05,105,7832888,Chip Potato Kettle 16 oz SS,35.010000000000005,Chip Potato Kettle 16 oz SS
2024-10-31,3360.96,96,7832888,Chip Potato Kettle 16 oz SS,35.01,Chip Potato Kettle 16 oz SS
2024-11-30,2660.76,76,7832888,Chip Potato Kettle 16 oz SS,35.010000000000005,Chip Potato Kettle 16 oz SS
2024-12-31,1715.49,49,7832888,Chip Potato Kettle 16 oz SS,35.01,Chip Potato Kettle 16 oz SS
2025-01-31,595.17,17,7832888,Chip Potato Kettle 16 oz SS,35.01,Chip Potato Kettle 16 oz SS
2025-02-28,2485.71,71,7832888,Chip Potato Kettle 16 oz SS,35.01,Chip Potato Kettle 16 oz SS
2025-03-31,1960.56,56,7832888,Chip Potato Kettle 16 oz SS,35.01,Chip Potato Kettle 16 oz SS
2025-04-30,2695.77,77,7832888,Chip Potato Kettle 16 oz SS,35.01,Chip Potato Kettle 16 oz SS
2025-05-31,1925.55,55,7832888,Chip Potato Kettle 16 oz SS,35.01,Chip Potato Kettle 16 oz SS
2025-06-30,280.08,8,7832888,Chip Potato Kettle 16 oz SS,35.01,Chip Potato Kettle 16 oz SS
2025-07-31,210.06,6,7832888,Chip Potato Kettle 16 oz SS,35.01,Chip Potato Kettle 16 oz SS
2025-08-31,945.27,27,7832888,Chip Potato Kettle 16 oz SS,35.01,Chip Potato Kettle 16 oz SS
2025-09-30,3571.02,102,7832888,Chip Potato Kettle 16 oz SS,35.01,Chip Potato Kettle 16 oz SS
2025-10-31,4026.15,115,7832888,Chip Potato Kettle 16 oz SS,35.01,Chip Potato Kettle 16 oz SS
2024-01-31,644.32,16,2167948,Fruit Mango In-Juice Import Slcd Pld REF,40.27,Fruit Mango In-Juice Import Slcd Pld REF
2024-02-29,1517.39,37,2167948,Fruit Mango In-Juice Import Slcd Pld REF,41.010540540540546,Fruit Mango In-Juice Import Slcd Pld REF
2024-03-31,1082.64,26,2167948,Fruit Mango In-Juice Import Slcd Pld REF,41.64,Fruit Mango In-Juice Import Slcd Pld REF
2024-04-30,2248.56,54,2167948,Fruit Mango In-Juice Import Slcd Pld REF,41.64,Fruit Mango In-Juice Import Slcd Pld REF
2024-05-31,749.52,18,2167948,Fruit Mango In-Juice Import Slcd Pld REF,41.64,Fruit Mango In-Juice Import Slcd Pld REF
2024-06-30,749.52,18,2167948,Fruit Mango In-Juice Import Slcd Pld REF,41.64,Fruit Mango In-Juice Import Slcd Pld REF
2024-07-31,501.12,12,2167948,Fruit Mango In-Juice Import Slcd Pld REF,41.76,Fruit Mango In-Juice Import Slcd Pld REF
2024-08-31,751.68,18,2167948,Fruit Mango In-Juice Import Slcd Pld REF,41.76,Fruit Mango In-Juice Import Slcd Pld REF
2024-09-30,2756.16,66,2167948,Fruit Mango In-Juice Import Slcd Pld REF,41.76,Fruit Mango In-Juice Import Slcd Pld REF
2024-10-31,3173.76,76,2167948,Fruit Mango In-Juice Import Slcd Pld REF,41.760000000000005,Fruit Mango In-Juice Import Slcd Pld REF
2024-11-30,2756.16,66,2167948,Fruit Mango In-Juice Import Slcd Pld REF,41.76,Fruit Mango In-Juice Import Slcd Pld REF
2024-12-31,1336.32,32,2167948,Fruit Mango In-Juice Import Slcd Pld REF,41.76,Fruit Mango In-Juice Import Slcd Pld REF
2025-01-31,584.64,14,2167948,Fruit Mango In-Juice Import Slcd Pld REF,41.76,Fruit Mango In-Juice Import Slcd Pld REF
2025-02-28,2672.64,64,2167948,Fruit Mango In-Juice Import Slcd Pld REF,41.76,Fruit Mango In-Juice Import Slcd Pld REF
2025-03-31,2338.56,56,2167948,Fruit Mango In-Juice Import Slcd Pld REF,41.76,Fruit Mango In-Juice Import Slcd Pld REF
2025-04-30,2414.68,56,2167948,Fruit Mango In-Juice Import Slcd Pld REF,43.11928571428571,Fruit Mango In-Juice Import Slcd Pld REF
2025-05-31,1826.58,42,2167948,Fruit Mango In-Juice Import Slcd Pld REF,43.489999999999995,Fruit Mango In-Juice Import Slcd Pld REF
2025-06-30,1043.76,24,2167948,Fruit Mango In-Juice Import Slcd Pld REF,43.49,Fruit Mango In-Juice Import Slcd Pld REF
2025-07-31,608.86,14,2167948,Fruit Mango In-Juice Import Slcd Pld REF,43.49,Fruit Mango In-Juice Import Slcd Pld REF
2025-08-31,826.31,19,2167948,Fruit Mango In-Juice Import Slcd Pld REF,43.489999999999995,Fruit Mango In-Juice Import Slcd Pld REF
2025-09-30,2957.32,68,2167948,Fruit Mango In-Juice Import Slcd Pld REF,43.49,Fruit Mango In-Juice Import Slcd Pld REF
2025-10-31,3174.77,73,2167948,Fruit Mango In-Juice Import Slcd Pld REF,43.49,Fruit Mango In-Juice Import Slcd Pld REF
2024-01-31,167.82,2,6367866,Fruit Peach 90-195 Ct Slcd CND,83.91,Fruit Peach 90-195 Ct Slcd CND
2024-02-29,1006.32,12,6367866,Fruit Peach 90-195 Ct Slcd CND,83.86,Fruit Peach 90-195 Ct Slcd CND
2024-03-31,838.6,10,6367866,Fruit Peach 90-195 Ct Slcd CND,83.86,Fruit Peach 90-195 Ct Slcd CND
2024-04-30,974.83,11.83333,6367866,Fruit Peach 90-195 Ct Slcd CND,82.38002320564034,Fruit Peach 90-195 Ct Slcd CND
2024-05-31,247.02,3,6367866,Fruit Peach 90-195 Ct Slcd CND,82.34,Fruit Peach 90-195 Ct Slcd CND
2024-06-30,247.02,3,6367866,Fruit Peach 90-195 Ct Slcd CND,82.34,Fruit Peach 90-195 Ct Slcd CND
2024-07-31,248.34,3,6367866,Fruit Peach 90-195 Ct Slcd CND,82.78,Fruit Peach 90-195 Ct Slcd CND
2024-08-31,469.08,4,6367866,Fruit Peach 90-195 Ct Slcd CND,117.27,Fruit Peach 90-195 Ct Slcd CND
2024-09-30,1572.1,19,6367866,Fruit Peach 90-195 Ct Slcd CND,82.7421052631579,Fruit Peach 90-195 Ct Slcd CND
2024-10-31,1241.1,15,6367866,Fruit Peach 90-195 Ct Slcd CND,82.74,Fruit Peach 90-195 Ct Slcd CND
2024-11-30,1039.75,12.5,6367866,Fruit Peach 90-195 Ct Slcd CND,83.18,Fruit Peach 90-195 Ct Slcd CND
2024-12-31,486.42,6,6367866,Fruit Peach 90-195 Ct Slcd CND,81.07000000000001,Fruit Peach 90-195 Ct Slcd CND
2025-01-31,324.28,4,6367866,Fruit Peach 90-195 Ct Slcd CND,81.07,Fruit Peach 90-195 Ct Slcd CND
2025-02-28,972.72,12,6367866,Fruit Peach 90-195 Ct Slcd CND,81.06,Fruit Peach 90-195 Ct Slcd CND
2025-03-31,892.29,11,6367866,Fruit Peach 90-195 Ct Slcd CND,81.11727272727272,Fruit Peach 90-195 Ct Slcd CND
2025-04-30,730.17,9,6367866,Fruit Peach 90-195 Ct Slcd CND,81.13,Fruit Peach 90-195 Ct Slcd CND
2025-05-31,473.26,5.83334,6367866,Fruit Peach 90-195 Ct Slcd CND,81.13019299406515,Fruit Peach 90-195 Ct Slcd CND
2025-06-30,327.48,4,6367866,Fruit Peach 90-195 Ct Slcd CND,81.87,Fruit Peach 90-195 Ct Slcd CND
2025-07-31,245.37,3,6367866,Fruit Peach 90-195 Ct Slcd CND,81.79,Fruit Peach 90-195 Ct Slcd CND
2025-08-31,654.4,8,6367866,Fruit Peach 90-195 Ct Slcd CND,81.8,Fruit Peach 90-195 Ct Slcd CND
2025-09-30,1390.42,17,6367866,Fruit Peach 90-195 Ct Slcd CND,81.78941176470589,Fruit Peach 90-195 Ct Slcd CND
2025-10-31,1152.62,14,6367866,Fruit Peach 90-195 Ct Slcd CND,82.33,Fruit Peach 90-195 Ct Slcd CND
2024-01-31,805,9,222-33756,Mix Original,89.44444444444444,Mix Original
2024-02-29,965,11,222-33756,Mix Original,87.72727272727273,Mix Original
2024-03-31,70,1,222-33756,Mix Original,70.0,Mix Original
2024-04-30,985,11,222-33756,Mix Original,89.54545454545455,Mix Original
2024-05-31,182,2,222-33756,Mix Original,91.0,Mix Original
2024-06-30,182,2,222-33756,Mix Original,91.0,Mix Original
2024-07-31,908,10,222-33756,Mix Original,90.8,Mix Original
2024-08-31,1176,13,222-33756,Mix Original,90.46153846153847,Mix Original
2024-09-30,1429,16,222-33756,Mix Original,89.3125,Mix Original
2024-10-31,1136,13,222-33756,Mix Original,87.38461538461539,Mix Original
2024-11-30,1881,21,222-33756,Mix Original,89.57142857142857,Mix Original
2024-12-31,435,5,222-33756,Mix Original,87.0,Mix Original
2025-02-28,1094,12,222-33756,Mix Original,91.16666666666667,Mix Original
2025-03-31,1587,17,222-33756,Mix Original,93.3529411764706,Mix Original
2025-04-30,661,7,222-33756,Mix Original,94.42857142857143,Mix Original
2025-05-31,662,7,222-33756,Mix Original,94.57142857142857,Mix Original
2025-07-31,641,7,222-33756,Mix Original,91.57142857142857,Mix Original
2025-08-31,1967,21,222-33756,Mix Original,93.66666666666667,Mix Original
2025-09-30,832,9,222-33756,Mix Original,92.44444444444444,Mix Original
2025-10-31,831,9,222-33756,Mix Original,92.33333333333333,Mix Original
2024-01-31,588.96,4,6362412,Oil Canola Olive Virgin 75/25 Blend,147.24,Oil Canola Olive Virgin 75/25 Blend
2024-02-29,3273.52,22,6362412,Oil Canola Olive Virgin 75/25 Blend,148.79636363636362,Oil Canola Olive Virgin 75/25 Blend
2024-03-31,3030.4,20,6362412,Oil Canola Olive Virgin 75/25 Blend,151.52,Oil Canola Olive Virgin 75/25 Blend
2024-04-30,3181.92,21,6362412,Oil Canola Olive Virgin 75/25 Blend,151.52,Oil Canola Olive Virgin 75/25 Blend
2024-05-31,1212.16,8,6362412,Oil Canola Olive Virgin 75/25 Blend,151.52,Oil Canola Olive Virgin 75/25 Blend
2024-06-30,1212.16,8,6362412,Oil Canola Olive Virgin 75/25 Blend,151.52,Oil Canola Olive Virgin 75/25 Blend
2024-07-31,759.7,5,6362412,Oil Canola Olive Virgin 75/25 Blend,151.94,Oil Canola Olive Virgin 75/25 Blend
2024-08-31,1210.87,8,6362412,Oil Canola Olive Virgin 75/25 Blend,151.35875,Oil Canola Olive Virgin 75/25 Blend
2024-09-30,3171.21,21,6362412,Oil Canola Olive Virgin 75/25 Blend,151.01,Oil Canola Olive Virgin 75/25 Blend
2024-10-31,3322.22,22,6362412,Oil Canola Olive Virgin 75/25 Blend,151.01,Oil Canola Olive Virgin 75/25 Blend
2024-11-30,2869.19,19,6362412,Oil Canola Olive Virgin 75/25 Blend,151.01,Oil Canola Olive Virgin 75/25 Blend
2024-12-31,1208.08,8,6362412,Oil Canola Olive Virgin 75/25 Blend,151.01,Oil Canola Olive Virgin 75/25 Blend
2025-01-31,906.06,6,6362412,Oil Canola Olive Virgin 75/25 Blend,151.01,Oil Canola Olive Virgin 75/25 Blend
2025-02-28,3171.21,21,6362412,Oil Canola Olive Virgin 75/25 Blend,151.01,Oil Canola Olive Virgin 75/25 Blend
2025-03-31,2718.18,18,6362412,Oil Canola Olive Virgin 75/25 Blend,151.01,Oil Canola Olive Virgin 75/25 Blend
2025-04-30,2718.18,18,6362412,Oil Canola Olive Virgin 75/25 Blend,151.01,Oil Canola Olive Virgin 75/25 Blend
2025-05-31,2114.14,14,6362412,Oil Canola Olive Virgin 75/25 Blend,151.01,Oil Canola Olive Virgin 75/25 Blend
2025-06-30,906.06,6,6362412,Oil Canola Olive Virgin 75/25 Blend,151.01,Oil Canola Olive Virgin 75/25 Blend
2025-07-31,858.11,6,6362412,Oil Canola Olive Virgin 75/25 Blend,143.01833333333335,Oil Canola Olive Virgin 75/25 Blend
2025-08-31,824.48,8,6362412,Oil Canola Olive Virgin 75/25 Blend,103.06,Oil Canola Olive Virgin 75/25 Blend
2025-09-30,2370.38,23,6362412,Oil Canola Olive Virgin 75/25 Blend,103.06,Oil Canola Olive Virgin 75/25 Blend
2025-10-31,2267.32,22,6362412,Oil Canola Olive Virgin 75/25 Blend,103.06,Oil Canola Olive Virgin 75/25 Blend
2024-02-29,404.28,12,8018475,Potato HashBrown Patty Tri 2oz PRFRD FZN,33.69,Potato HashBrown Patty Tri 2oz PRFRD FZN
2024-03-31,1516.05,45,8018475,Potato HashBrown Patty Tri 2oz PRFRD FZN,33.69,Potato HashBrown Patty Tri 2oz PRFRD FZN
2024-04-30,2902.74,76,8018475,Potato HashBrown Patty Tri 2oz PRFRD FZN,38.19394736842105,Potato HashBrown Patty Tri 2oz PRFRD FZN
2024-05-31,385.8,10,8018475,Potato HashBrown Patty Tri 2oz PRFRD FZN,38.58,Potato HashBrown Patty Tri 2oz PRFRD FZN
2024-06-30,385.8,10,8018475,Potato HashBrown Patty Tri 2oz PRFRD FZN,38.58,Potato HashBrown Patty Tri 2oz PRFRD FZN
2024-07-31,580.35,15,8018475,Potato HashBrown Patty Tri 2oz PRFRD FZN,38.690000000000005,Potato HashBrown Patty Tri 2oz PRFRD FZN
2024-08-31,1005.94,26,8018475,Potato HashBrown Patty Tri 2oz PRFRD FZN,38.690000000000005,Potato HashBrown Patty Tri 2oz PRFRD FZN
2024-09-30,3133.89,81,8018475,Potato HashBrown Patty Tri 2oz PRFRD FZN,38.69,Potato HashBrown Patty Tri 2oz PRFRD FZN
2024-10-31,2863.06,74,8018475,Potato HashBrown Patty Tri 2oz PRFRD FZN,38.69,Potato HashBrown Patty Tri 2oz PRFRD FZN
2024-11-30,2708.3,70,8018475,Potato HashBrown Patty Tri 2oz PRFRD FZN,38.690000000000005,Potato HashBrown Patty Tri 2oz PRFRD FZN
2024-12-31,1238.08,32,8018475,Potato HashBrown Patty Tri 2oz PRFRD FZN,38.69,Potato HashBrown Patty Tri 2oz PRFRD FZN
2025-01-31,541.66,14,8018475,Potato HashBrown Patty Tri 2oz PRFRD FZN,38.69,Potato HashBrown Patty Tri 2oz PRFRD FZN
2025-02-28,2282.71,59,8018475,Potato HashBrown Patty Tri 2oz PRFRD FZN,38.69,Potato HashBrown Patty Tri 2oz PRFRD FZN
2025-03-31,1354.15,35,8018475,Potato HashBrown Patty Tri 2oz PRFRD FZN,38.690000000000005,Potato HashBrown Patty Tri 2oz PRFRD FZN
2025-04-30,1741.05,45,8018475,Potato HashBrown Patty Tri 2oz PRFRD FZN,38.69,Potato HashBrown Patty Tri 2oz PRFRD FZN
2025-05-31,1508.91,39,8018475,Potato HashBrown Patty Tri 2oz PRFRD FZN,38.690000000000005,Potato HashBrown Patty Tri 2oz PRFRD FZN
2025-06-30,348.21,9,8018475,Potato HashBrown Patty Tri 2oz PRFRD FZN,38.69,Potato HashBrown Patty Tri 2oz PRFRD FZN
2025-07-31,116.07,3,8018475,Potato HashBrown Patty Tri 2oz PRFRD FZN,38.69,Potato HashBrown Patty Tri 2oz PRFRD FZN
2025-08-31,309.52,8,8018475,Potato HashBrown Patty Tri 2oz PRFRD FZN,38.69,Potato HashBrown Patty Tri 2oz PRFRD FZN
2025-09-30,1663.67,43,8018475,Potato HashBrown Patty Tri 2oz PRFRD FZN,38.690000000000005,Potato HashBrown Patty Tri 2oz PRFRD FZN
2025-10-31,1392.84,36,8018475,Potato HashBrown Patty Tri 2oz PRFRD FZN,38.69,Potato HashBrown Patty Tri 2oz PRFRD FZN
2024-01-31,148.86,3,0052332,Rice Sushi,49.620000000000005,Rice Sushi
2024-02-29,1651.66,34,0052332,Rice Sushi,48.57823529411765,Rice Sushi
2024-03-31,1117,25,0052332,Rice Sushi,44.68,Rice Sushi
2024-04-30,1606.05,37,0052332,Rice Sushi,43.40675675675676,Rice Sushi
2024-05-31,213.45,5,0052332,Rice Sushi,42.69,Rice Sushi
2024-06-30,213.45,5,0052332,Rice Sushi,42.69,Rice Sushi
2024-07-31,128.55,3,0052332,Rice Sushi,42.85,Rice Sushi
2024-08-31,673.52,16,0052332,Rice Sushi,42.095,Rice Sushi
2024-09-30,1137.92,28,0052332,Rice Sushi,40.64,Rice Sushi
2024-10-31,1446.33,37,0052332,Rice Sushi,39.089999999999996,Rice Sushi
2024-11-30,1211.79,31,0052332,Rice Sushi,39.089999999999996,Rice Sushi
2024-12-31,781.8,20,0052332,Rice Sushi,39.089999999999996,Rice Sushi
2025-01-31,273.63,7,0052332,Rice Sushi,39.089999999999996,Rice Sushi
2025-02-28,1329.06,34,0052332,Rice Sushi,39.089999999999996,Rice Sushi
2025-03-31,1172.7,30,0052332,Rice Sushi,39.09,Rice Sushi
2025-04-30,1407.24,36,0052332,Rice Sushi,39.09,Rice Sushi
2025-05-31,977.25,25,0052332,Rice Sushi,39.09,Rice Sushi
2025-06-30,117.27,3,0052332,Rice Sushi,39.089999999999996,Rice Sushi
2025-07-31,155.92,4,0052332,Rice Sushi,38.98,Rice Sushi
2025-08-31,701.64,18,0052332,Rice Sushi,38.98,Rice Sushi
2025-09-30,1520.22,39,0052332,Rice Sushi,38.980000000000004,Rice Sushi
2025-10-31,1598.18,41,0052332,Rice Sushi,38.980000000000004,Rice Sushi
2024-01-31,857.56,22,2716959,Sauce Alfredo BIB FZN GF,38.98,Sauce Alfredo BIB FZN GF
2024-02-29,3196.36,82,2716959,Sauce Alfredo BIB FZN GF,38.980000000000004,Sauce Alfredo BIB FZN GF
2024-03-31,2689.62,69,2716959,Sauce Alfredo BIB FZN GF,38.98,Sauce Alfredo BIB FZN GF
2024-04-30,4209.84,108,2716959,Sauce Alfredo BIB FZN GF,38.980000000000004,Sauce Alfredo BIB FZN GF
2024-05-31,1286.34,33,2716959,Sauce Alfredo BIB FZN GF,38.98,Sauce Alfredo BIB FZN GF
2024-06-30,1286.34,33,2716959,Sauce Alfredo BIB FZN GF,38.98,Sauce Alfredo BIB FZN GF
2024-07-31,703.07,18,2716959,Sauce Alfredo BIB FZN GF,39.059444444444445,Sauce Alfredo BIB FZN GF
2024-08-31,2149.95,55,2716959,Sauce Alfredo BIB FZN GF,39.089999999999996,Sauce Alfredo BIB FZN GF
2024-09-30,5625.56,109,2716959,Sauce Alfredo BIB FZN GF,51.610642201834864,Sauce Alfredo BIB FZN GF
2024-10-31,5181.66,99,2716959,Sauce Alfredo BIB FZN GF,52.339999999999996,Sauce Alfredo BIB FZN GF
2024-11-30,3925.5,75,2716959,Sauce Alfredo BIB FZN GF,52.34,Sauce Alfredo BIB FZN GF
2024-12-31,2198.28,42,2716959,Sauce Alfredo BIB FZN GF,52.34,Sauce Alfredo BIB FZN GF
2025-01-31,1779.56,34,2716959,Sauce Alfredo BIB FZN GF,52.339999999999996,Sauce Alfredo BIB FZN GF
2025-02-28,4082.52,78,2716959,Sauce Alfredo BIB FZN GF,52.339999999999996,Sauce Alfredo BIB FZN GF
2025-03-31,4134.86,79,2716959,Sauce Alfredo BIB FZN GF,52.339999999999996,Sauce Alfredo BIB FZN GF
2025-04-30,4030.18,77,2716959,Sauce Alfredo BIB FZN GF,52.339999999999996,Sauce Alfredo BIB FZN GF
2025-05-31,2826.36,54,2716959,Sauce Alfredo BIB FZN GF,52.34,Sauce Alfredo BIB FZN GF
2025-06-30,1360.84,26,2716959,Sauce Alfredo BIB FZN GF,52.339999999999996,Sauce Alfredo BIB FZN GF
2025-07-31,1517.86,29,2716959,Sauce Alfredo BIB FZN GF,52.339999999999996,Sauce Alfredo BIB FZN GF
2025-08-31,2512.32,48,2716959,Sauce Alfredo BIB FZN GF,52.34,Sauce Alfredo BIB FZN GF
2025-09-30,5705.06,109,2716959,Sauce Alfredo BIB FZN GF,52.34,Sauce Alfredo BIB FZN GF
2025-10-31,4501.24,86,2716959,Sauce Alfredo BIB FZN GF,52.339999999999996,Sauce Alfredo BIB FZN GF
2024-01-31,84.46,1,2170200,Sauce Cheese White Pouch SS,84.46,Sauce Cheese White Pouch SS
2024-02-29,1435.82,17,2170200,Sauce Cheese White Pouch SS,84.46,Sauce Cheese White Pouch SS
2024-03-31,591.22,7,2170200,Sauce Cheese White Pouch SS,84.46000000000001,Sauce Cheese White Pouch SS
2024-04-30,1266.9,15,2170200,Sauce Cheese White Pouch SS,84.46000000000001,Sauce Cheese White Pouch SS
2024-05-31,253.38,3,2170200,Sauce Cheese White Pouch SS,84.46,Sauce Cheese White Pouch SS
2024-06-30,253.38,3,2170200,Sauce Cheese White Pouch SS,84.46,Sauce Cheese White Pouch SS
2024-07-31,266.68,3,2170200,Sauce Cheese White Pouch SS,88.89333333333333,Sauce Cheese White Pouch SS
2024-08-31,546.66,6,2170200,Sauce Cheese White Pouch SS,91.11,Sauce Cheese White Pouch SS
2024-09-30,1457.76,16,2170200,Sauce Cheese White Pouch SS,91.11,Sauce Cheese White Pouch SS
2024-10-31,2095.53,23,2170200,Sauce Cheese White Pouch SS,91.11000000000001,Sauce Cheese White Pouch SS
2024-11-30,2004.42,22,2170200,Sauce Cheese White Pouch SS,91.11,Sauce Cheese White Pouch SS
2024-12-31,637.77,7,2170200,Sauce Cheese White Pouch SS,91.11,Sauce Cheese White Pouch SS
2025-01-31,182.22,2,2170200,Sauce Cheese White Pouch SS,91.11,Sauce Cheese White Pouch SS
2025-02-28,1457.76,16,2170200,Sauce Cheese White Pouch SS,91.11,Sauce Cheese White Pouch SS
2025-03-31,637.77,7,2170200,Sauce Cheese White Pouch SS,91.11,Sauce Cheese White Pouch SS
2025-04-30,1366.65,15,2170200,Sauce Cheese White Pouch SS,91.11,Sauce Cheese White Pouch SS
2025-05-31,1457.76,16,2170200,Sauce Cheese White Pouch SS,91.11,Sauce Cheese White Pouch SS
2025-07-31,176.06,2,2170200,Sauce Cheese White Pouch SS,88.03,Sauce Cheese White Pouch SS
2025-08-31,352.12,4,2170200,Sauce Cheese White Pouch SS,88.03,Sauce Cheese White Pouch SS
2025-09-30,1584.54,18,2170200,Sauce Cheese White Pouch SS,88.03,Sauce Cheese White Pouch SS
2025-10-31,2024.69,23,2170200,Sauce Cheese White Pouch SS,88.03,Sauce Cheese White Pouch SS
2024-01-31,277.25,5,9008475,Sauce Spaghetti Tomato CND SS,55.45,Sauce Spaghetti Tomato CND SS
2024-02-29,2051.65,37,9008475,Sauce Spaghetti Tomato CND SS,55.45,Sauce Spaghetti Tomato CND SS
2024-03-31,1663.5,30,9008475,Sauce Spaghetti Tomato CND SS,55.45,Sauce Spaghetti Tomato CND SS
2024-04-30,1885.3,34,9008475,Sauce Spaghetti Tomato CND SS,55.449999999999996,Sauce Spaghetti Tomato CND SS
2024-05-31,1053.74,19,9008475,Sauce Spaghetti Tomato CND SS,55.46,Sauce Spaghetti Tomato CND SS
2024-06-30,1053.74,19,9008475,Sauce Spaghetti Tomato CND SS,55.46,Sauce Spaghetti Tomato CND SS
2024-07-31,611.66,11,9008475,Sauce Spaghetti Tomato CND SS,55.60545454545454,Sauce Spaghetti Tomato CND SS
2024-08-31,278.1,5,9008475,Sauce Spaghetti Tomato CND SS,55.620000000000005,Sauce Spaghetti Tomato CND SS
2024-09-30,2391.66,43,9008475,Sauce Spaghetti Tomato CND SS,55.62,Sauce Spaghetti Tomato CND SS
2024-10-31,2298.96,41.33333,9008475,Sauce Spaghetti Tomato CND SS,55.62000448548424,Sauce Spaghetti Tomato CND SS
2024-11-30,1807.65,32.5,9008475,Sauce Spaghetti Tomato CND SS,55.620000000000005,Sauce Spaghetti Tomato CND SS
2024-12-31,1001.16,18,9008475,Sauce Spaghetti Tomato CND SS,55.62,Sauce Spaghetti Tomato CND SS
2025-01-31,778.68,14,9008475,Sauce Spaghetti Tomato CND SS,55.62,Sauce Spaghetti Tomato CND SS
2025-02-28,1724.22,31,9008475,Sauce Spaghetti Tomato CND SS,55.62,Sauce Spaghetti Tomato CND SS
2025-03-31,1779.84,32,9008475,Sauce Spaghetti Tomato CND SS,55.62,Sauce Spaghetti Tomato CND SS
2025-04-30,1724.22,31,9008475,Sauce Spaghetti Tomato CND SS,55.62,Sauce Spaghetti Tomato CND SS
2025-05-31,1001.16,18,9008475,Sauce Spaghetti Tomato CND SS,55.62,Sauce Spaghetti Tomato CND SS
2025-06-30,834.3,15,9008475,Sauce Spaghetti Tomato CND SS,55.62,Sauce Spaghetti Tomato CND SS
2025-07-31,667.44,12,9008475,Sauce Spaghetti Tomato CND SS,55.620000000000005,Sauce Spaghetti Tomato CND SS
2025-08-31,1192.62,22,9008475,Sauce Spaghetti Tomato CND SS,54.209999999999994,Sauce Spaghetti Tomato CND SS
2025-09-30,2602.08,48,9008475,Sauce Spaghetti Tomato CND SS,54.21,Sauce Spaghetti Tomato CND SS
2025-10-31,1962.62,34,9008475,Sauce Spaghetti Tomato CND SS,57.72411764705882,Sauce Spaghetti Tomato CND SS
2024-01-31,198.66,6,2554244,Spread Hummus Plain REF,33.11,Spread Hummus Plain REF
2024-02-29,1225.07,37,2554244,Spread Hummus Plain REF,33.11,Spread Hummus Plain REF
2024-03-31,603.06,19,2554244,Spread Hummus Plain REF,31.74,Spread Hummus Plain REF
2024-04-30,983.94,31,2554244,Spread Hummus Plain REF,31.740000000000002,Spread Hummus Plain REF
2024-05-31,366.58,12,2554244,Spread Hummus Plain REF,30.548333333333332,Spread Hummus Plain REF
2024-06-30,366.58,12,2554244,Spread Hummus Plain REF,30.548333333333332,Spread Hummus Plain REF
2024-07-31,153.05,5,2554244,Spread Hummus Plain REF,30.610000000000003,Spread Hummus Plain REF
2024-08-31,367.32,12,2554244,Spread Hummus Plain REF,30.61,Spread Hummus Plain REF
2024-09-30,1010.13,33,2554244,Spread Hummus Plain REF,30.61,Spread Hummus Plain REF
2024-10-31,1132.57,37,2554244,Spread Hummus Plain REF,30.61,Spread Hummus Plain REF
2024-11-30,948.91,31,2554244,Spread Hummus Plain REF,30.61,Spread Hummus Plain REF
2024-12-31,704.03,23,2554244,Spread Hummus Plain REF,30.61,Spread Hummus Plain REF
2025-01-31,244.88,8,2554244,Spread Hummus Plain REF,30.61,Spread Hummus Plain REF
2025-02-28,1224.4,40,2554244,Spread Hummus Plain REF,30.610000000000003,Spread Hummus Plain REF
2025-03-31,734.64,24,2554244,Spread Hummus Plain REF,30.61,Spread Hummus Plain REF
2025-04-30,1200.26,38,2554244,Spread Hummus Plain REF,31.585789473684212,Spread Hummus Plain REF
2025-05-31,917.56,29,2554244,Spread Hummus Plain REF,31.639999999999997,Spread Hummus Plain REF
2025-06-30,94.92,3,2554244,Spread Hummus Plain REF,31.64,Spread Hummus Plain REF
2025-07-31,158.2,5,2554244,Spread Hummus Plain REF,31.639999999999997,Spread Hummus Plain REF
2025-08-31,664.44,21,2554244,Spread Hummus Plain REF,31.640000000000004,Spread Hummus Plain REF
2025-09-30,1107.4,35,2554244,Spread Hummus Plain REF,31.640000000000004,Spread Hummus Plain REF
2025-10-31,822.64,26,2554244,Spread Hummus Plain REF,31.64,Spread Hummus Plain REF
2024-01-31,494.88,16,4198719,Spread Ketchup Tomato Dispenser Fcy SS,30.93,Spread Ketchup Tomato Dispenser Fcy SS
2024-02-29,1639.29,53,4198719,Spread Ketchup Tomato Dispenser Fcy SS,30.93,Spread Ketchup Tomato Dispenser Fcy SS
2024-03-31,1577.43,51,4198719,Spread Ketchup Tomato Dispenser Fcy SS,30.93,Spread Ketchup Tomato Dispenser Fcy SS
2024-04-30,1732.08,56,4198719,Spread Ketchup Tomato Dispenser Fcy SS,30.93,Spread Ketchup Tomato Dispenser Fcy SS
2024-05-31,278.37,9,4198719,Spread Ketchup Tomato Dispenser Fcy SS,30.93,Spread Ketchup Tomato Dispenser Fcy SS
2024-06-30,278.37,9,4198719,Spread Ketchup Tomato Dispenser Fcy SS,30.93,Spread Ketchup Tomato Dispenser Fcy SS
2024-07-31,506.7,15,4198719,Spread Ketchup Tomato Dispenser Fcy SS,33.78,Spread Ketchup Tomato Dispenser Fcy SS
2024-08-31,675.6,20,4198719,Spread Ketchup Tomato Dispenser Fcy SS,33.78,Spread Ketchup Tomato Dispenser Fcy SS
2024-09-30,2128.14,63,4198719,Spread Ketchup Tomato Dispenser Fcy SS,33.78,Spread Ketchup Tomato Dispenser Fcy SS
2024-10-31,2533.5,75,4198719,Spread Ketchup Tomato Dispenser Fcy SS,33.78,Spread Ketchup Tomato Dispenser Fcy SS
2024-11-30,2195.7,65,4198719,Spread Ketchup Tomato Dispenser Fcy SS,33.779999999999994,Spread Ketchup Tomato Dispenser Fcy SS
2024-12-31,1452.54,43,4198719,Spread Ketchup Tomato Dispenser Fcy SS,33.78,Spread Ketchup Tomato Dispenser Fcy SS
2025-01-31,574.26,17,4198719,Spread Ketchup Tomato Dispenser Fcy SS,33.78,Spread Ketchup Tomato Dispenser Fcy SS
2025-02-28,2161.92,64,4198719,Spread Ketchup Tomato Dispenser Fcy SS,33.78,Spread Ketchup Tomato Dispenser Fcy SS
2025-03-31,1756.56,52,4198719,Spread Ketchup Tomato Dispenser Fcy SS,33.78,Spread Ketchup Tomato Dispenser Fcy SS
2025-04-30,2128.14,63,4198719,Spread Ketchup Tomato Dispenser Fcy SS,33.78,Spread Ketchup Tomato Dispenser Fcy SS
2025-05-31,1317.42,39,4198719,Spread Ketchup Tomato Dispenser Fcy SS,33.78,Spread Ketchup Tomato Dispenser Fcy SS
2025-06-30,506.7,15,4198719,Spread Ketchup Tomato Dispenser Fcy SS,33.78,Spread Ketchup Tomato Dispenser Fcy SS
2025-07-31,337.8,10,4198719,Spread Ketchup Tomato Dispenser Fcy SS,33.78,Spread Ketchup Tomato Dispenser Fcy SS
2025-08-31,810.72,24,4198719,Spread Ketchup Tomato Dispenser Fcy SS,33.78,Spread Ketchup Tomato Dispenser Fcy SS
2025-09-30,2432.16,72,4198719,Spread Ketchup Tomato Dispenser Fcy SS,33.78,Spread Ketchup Tomato Dispenser Fcy SS
2025-10-31,2432.16,72,4198719,Spread Ketchup Tomato Dispenser Fcy SS,33.78,Spread Ketchup Tomato Dispenser Fcy SS
2024-01-31,642.88,14,7335839,Spread Mayonnaise Chipotle SS,45.92,Spread Mayonnaise Chipotle SS
2024-02-29,2571.52,56,7335839,Spread Mayonnaise Chipotle SS,45.92,Spread Mayonnaise Chipotle SS
2024-03-31,1928.64,42,7335839,Spread Mayonnaise Chipotle SS,45.92,Spread Mayonnaise Chipotle SS
2024-04-30,2525.6,55,7335839,Spread Mayonnaise Chipotle SS,45.92,Spread Mayonnaise Chipotle SS
2024-05-31,367.36,8,7335839,Spread Mayonnaise Chipotle SS,45.92,Spread Mayonnaise Chipotle SS
2024-06-30,367.36,8,7335839,Spread Mayonnaise Chipotle SS,45.92,Spread Mayonnaise Chipotle SS
2024-07-31,241.8,6,7335839,Spread Mayonnaise Chipotle SS,40.300000000000004,Spread Mayonnaise Chipotle SS
2024-08-31,644.8,16,7335839,Spread Mayonnaise Chipotle SS,40.3,Spread Mayonnaise Chipotle SS
2024-09-30,2297.1,57,7335839,Spread Mayonnaise Chipotle SS,40.3,Spread Mayonnaise Chipotle SS
2024-10-31,2055.3,51,7335839,Spread Mayonnaise Chipotle SS,40.300000000000004,Spread Mayonnaise Chipotle SS
2024-11-30,1934.4,48,7335839,Spread Mayonnaise Chipotle SS,40.300000000000004,Spread Mayonnaise Chipotle SS
2024-12-31,967.2,24,7335839,Spread Mayonnaise Chipotle SS,40.300000000000004,Spread Mayonnaise Chipotle SS
2025-01-31,483.6,12,7335839,Spread Mayonnaise Chipotle SS,40.300000000000004,Spread Mayonnaise Chipotle SS
2025-02-28,1934.4,48,7335839,Spread Mayonnaise Chipotle SS,40.300000000000004,Spread Mayonnaise Chipotle SS
2025-03-31,1370.2,34,7335839,Spread Mayonnaise Chipotle SS,40.300000000000004,Spread Mayonnaise Chipotle SS
2025-04-30,1692.6,42,7335839,Spread Mayonnaise Chipotle SS,40.3,Spread Mayonnaise Chipotle SS
2025-05-31,1289.6,32,7335839,Spread Mayonnaise Chipotle SS,40.3,Spread Mayonnaise Chipotle SS
2025-06-30,322.4,8,7335839,Spread Mayonnaise Chipotle SS,40.3,Spread Mayonnaise Chipotle SS
2025-07-31,241.8,6,7335839,Spread Mayonnaise Chipotle SS,40.300000000000004,Spread Mayonnaise Chipotle SS
2025-08-31,644.8,16,7335839,Spread Mayonnaise Chipotle SS,40.3,Spread Mayonnaise Chipotle SS
2025-09-30,1329.9,33,7335839,Spread Mayonnaise Chipotle SS,40.300000000000004,Spread Mayonnaise Chipotle SS
2025-10-31,1612,40,7335839,Spread Mayonnaise Chipotle SS,40.3,Spread Mayonnaise Chipotle SS
2024-01-31,303.27,8,9332313,Veg Bean Black Fcy CND,37.90875,Veg Bean Black Fcy CND
2024-02-29,1236.71,28,9332313,Veg Bean Black Fcy CND,44.168214285714285,Veg Bean Black Fcy CND
2024-03-31,1114.28,29,9332313,Veg Bean Black Fcy CND,38.42344827586207,Veg Bean Black Fcy CND
2024-04-30,1183.93,31,9332313,Veg Bean Black Fcy CND,38.19129032258065,Veg Bean Black Fcy CND
2024-05-31,337.76,9,9332313,Veg Bean Black Fcy CND,37.528888888888886,Veg Bean Black Fcy CND
2024-06-30,337.76,9,9332313,Veg Bean Black Fcy CND,37.528888888888886,Veg Bean Black Fcy CND
2024-07-31,322.99,8.5,9332313,Veg Bean Black Fcy CND,37.998823529411766,Veg Bean Black Fcy CND
2024-08-31,494.92,13,9332313,Veg Bean Black Fcy CND,38.07076923076923,Veg Bean Black Fcy CND
2024-09-30,1401.88,36,9332313,Veg Bean Black Fcy CND,38.94111111111111,Veg Bean Black Fcy CND
2024-10-31,1652.14,42.8333,9332313,Veg Bean Black Fcy CND,38.57139188435166,Veg Bean Black Fcy CND
2024-11-30,1280.22,33,9332313,Veg Bean Black Fcy CND,38.79454545454546,Veg Bean Black Fcy CND
2024-12-31,623.37,16,9332313,Veg Bean Black Fcy CND,38.960625,Veg Bean Black Fcy CND
2025-01-31,311.76,8,9332313,Veg Bean Black Fcy CND,38.97,Veg Bean Black Fcy CND
2025-02-28,1240.66,32,9332313,Veg Bean Black Fcy CND,38.770625,Veg Bean Black Fcy CND
2025-03-31,1200.96,31,9332313,Veg Bean Black Fcy CND,38.740645161290324,Veg Bean Black Fcy CND
2025-04-30,1083.1,28,9332313,Veg Bean Black Fcy CND,38.68214285714286,Veg Bean Black Fcy CND
2025-05-31,812.48,21,9332313,Veg Bean Black Fcy CND,38.68952380952381,Veg Bean Black Fcy CND
2025-06-30,154.76,4,9332313,Veg Bean Black Fcy CND,38.69,Veg Bean Black Fcy CND
2025-07-31,386.9,10,9332313,Veg Bean Black Fcy CND,38.69,Veg Bean Black Fcy CND
2025-08-31,542.78,14,9332313,Veg Bean Black Fcy CND,38.769999999999996,Veg Bean Black Fcy CND
2025-09-30,1163.1,30,9332313,Veg Bean Black Fcy CND,38.769999999999996,Veg Bean Black Fcy CND
2025-10-31,1143.5,29,9332313,Veg Bean Black Fcy CND,39.43103448275862,Veg Bean Black Fcy CND
